"Guid","Name"
0cc8f011-bf85-4901-bb1c-fc9abb8819a4,record_circle1-2
1570bb1f-04ca-4667-8802-d5d144d32b1c,third
1e38ba9b-658b-44bb-8da2-38ea9493336e,third
200088c7-ad7b-4e79-8235-bee2cec30e38,first_edit
22a49373-fa1a-44d7-9016-481407dccf28,second
2c90de2d-da01-47cc-99b2-ce008e235f49,first_edit
375be441-2e02-461a-a9b4-7dd914883968,first_edit
662a1e85-4c10-4ceb-bbdd-7ee7251a45de,third
756583ec-93c5-4ded-9ddd-675dcda1fb7b,record_circle1-2
9b6793d4-223e-4ca7-8f4b-a7e6b5e2ff6f,second
a12decd5-b0e1-4c1e-a001-85f6ffd31b70,third
d12e4fa3-200f-437c-b76c-10efb3d9dd66,first_edit
db9f1d08-4ef3-4720-b864-ce7fa6608f36,second
e59b7109-aa7e-472b-8b8f-ec11bf856aec,second
